{
    "loss": [
        0.6764892339706421,
        0.49610650539398193,
        0.42760032415390015,
        0.38978880643844604,
        0.3657059073448181,
        0.34718894958496094,
        0.3309864401817322,
        0.3155127167701721,
        0.300426185131073,
        0.28540652990341187,
        0.2721168100833893,
        0.2637040913105011,
        0.25338849425315857,
        0.24212877452373505,
        0.23421403765678406
    ],
    "sparse_categorical_accuracy": [
        0.310463547706604,
        0.460910826921463,
        0.5288872718811035,
        0.5655120611190796,
        0.5876695513725281,
        0.6052812933921814,
        0.6212865710258484,
        0.6373684406280518,
        0.6537497043609619,
        0.6706566214561462,
        0.6850754618644714,
        0.693422257900238,
        0.704807460308075,
        0.7172015309333801,
        0.7255412936210632
    ],
    "val_loss": [
        0.5694416761398315,
        0.47166907787323,
        0.42716431617736816,
        0.40404224395751953,
        0.3919193744659424,
        0.38576385378837585,
        0.3836714029312134,
        0.3866650462150574,
        0.39005470275878906,
        0.39817485213279724,
        0.4101375341415405,
        0.4234098196029663,
        0.42729032039642334,
        0.4382054805755615,
        0.4467546343803406
    ],
    "val_sparse_categorical_accuracy": [
        0.40441179275512695,
        0.4982680678367615,
        0.5415414571762085,
        0.5635420083999634,
        0.5752948522567749,
        0.5827077031135559,
        0.5856459140777588,
        0.582846999168396,
        0.5844553709030151,
        0.5823887586593628,
        0.5751780271530151,
        0.5717231631278992,
        0.5718624591827393,
        0.5643417239189148,
        0.5604286193847656
    ]
}